{"cameraMode":{"drawMode":0,"name":"Shaded","section":"Shading Mode"},"sceneLighting":true,"audioPlay":false,"sceneViewState":{"showFog":true,"showMaterialUpdate":true,"showSkybox":true,"showFlares":true,"showImageEffects":true,"showParticleSystems":true},"in2DMode":false,"pivot":{"x":367.73907470703127,"y":266.1047668457031,"z":1064.072998046875},"rotation":{"x":0.0003092974075116217,"y":0.04198296368122101,"z":-0.000012872780644102022,"w":0.9991199970245361},"size":1042.7421875,"orthographic":false}