{"cameraMode":{"drawMode":0,"name":"Shaded","section":"Shading Mode"},"sceneLighting":true,"audioPlay":false,"sceneViewState":{"showFog":false,"showMaterialUpdate":false,"showSkybox":false,"showFlares":false,"showImageEffects":false,"showParticleSystems":false},"in2DMode":false,"pivot":{"x":1.257110595703125,"y":1.9482421875,"z":1.18798828125},"rotation":{"x":0.0915381982922554,"y":-0.12513518333435059,"z":0.011587255634367466,"w":0.9878672361373901},"size":0.8761312961578369,"orthographic":true}