{"cameraMode":{"drawMode":0,"name":"Shaded","section":"Shading Mode"},"sceneLighting":false,"audioPlay":false,"sceneViewState":{"showFog":false,"showMaterialUpdate":false,"showSkybox":false,"showFlares":false,"showImageEffects":false,"showParticleSystems":false},"in2DMode":false,"pivot":{"x":0.3197021484375,"y":0.2703981399536133,"z":0.1337890625},"rotation":{"x":0.000500893744174391,"y":0.9925792813301086,"z":-0.0038655141834169628,"w":0.12181096524000168},"size":1.036706566810608,"orthographic":true}