{"cameraMode":{"drawMode":0,"name":"Shaded","section":"Shading Mode"},"sceneLighting":true,"audioPlay":false,"sceneViewState":{"showFog":true,"showMaterialUpdate":true,"showSkybox":true,"showFlares":true,"showImageEffects":true,"showParticleSystems":true,"showVisualEffectGraphs":true,"m_FxEnabled":true},"in2DMode":false,"pivot":{"x":5.519188404083252,"y":0.4757118225097656,"z":0.992213249206543},"rotation":{"x":0.5461890697479248,"y":-0.0025169183500111105,"z":0.0016412087716162205,"w":0.8376596570014954},"size":20.161619186401368,"orthographic":false}