{"cameraMode":{"drawMode":0,"name":"Shaded","section":"Shading Mode"},"sceneLighting":true,"audioPlay":false,"sceneViewState":{"showFog":true,"showMaterialUpdate":true,"showSkybox":true,"showFlares":true,"showImageEffects":true,"showParticleSystems":true,"showVisualEffectGraphs":true,"m_FxEnabled":true},"in2DMode":false,"pivot":{"x":8.338732719421387,"y":-5.372562408447266,"z":8.924607276916504},"rotation":{"x":0.5461890697479248,"y":-0.0025169183500111105,"z":0.0016412087716162205,"w":0.8376596570014954},"size":22.688304901123048,"orthographic":false}