{"cameraMode":{"drawMode":0,"name":"Shaded","section":"Shading Mode"},"sceneLighting":true,"audioPlay":false,"sceneViewState":{"showFog":true,"showMaterialUpdate":false,"showSkybox":true,"showFlares":true,"showImageEffects":true,"showParticleSystems":true,"showVisualEffectGraphs":true,"m_FxEnabled":true},"in2DMode":false,"pivot":{"x":-31.85079002380371,"y":8.322702407836914,"z":42.93194580078125},"rotation":{"x":0.010178402066230774,"y":0.04857578128576279,"z":0.0004945286782458425,"w":-0.9987709522247315},"size":32.44291305541992,"orthographic":false}